Date,Calorie burned,Steps,Distance,Floors,Minutes Sedentary,Minutes Lightly Active,Minutes Fairly Active,Minutes Very Active,Activity Calories,MinutesOfSleep,MinutesOfBeingAwake,NumberOfAwakings,LengthOfRestInMinutes,Distance_miles,Days,Days_encoded,Work_or_Weekend,Hours Sleep,Sleep efficiency,Yesterday_sleep,Yesterday_sleep_efficiency,Months,Months_encoded
2015-05-08,1934,905,0.65,0,1.355,46,0,0,1680,384,26,23,417,0.40389115,Friday,4.0,1,6.4,92.0863309353,0.0,0.0,May,5
2015-05-09,3631,18925,14.11,4,611.0,316,61,60,2248,454,35,21,491,8.76754481,Saturday,5.0,0,7.56666666667,92.4643584521,6.4,92.0863309353,May,5
2015-05-10,3204,14228,10.57,1,602.0,226,14,77,1719,387,46,25,436,6.56789147,Sunday,6.0,0,6.45,88.7614678899,7.56666666667,92.4643584521,May,5
2015-05-11,2673,6756,5.02,8,749.0,190,23,4,9620,311,31,21,350,3.11928242,Monday,0.0,1,5.18333333333,88.8571428571,6.45,88.7614678899,May,5
2015-05-12,2495,502,3.73,1,876.0,171,0,0,7360,407,65,44,491,2.31771383,Tuesday,1.0,1,6.78333333333,82.8920570265,5.18333333333,88.8571428571,May,5
2015-05-13,276,779,5.79,15,726.0,172,34,18,1094,405,47,31,457,3.59773809,Wednesday,2.0,1,6.75,88.6214442013,6.78333333333,82.8920570265,May,5
2015-05-14,2687,5614,4.17,2,782.0,216,13,1,9830,381,28,12,415,2.59111707,Thursday,3.0,1,6.35,91.8072289157,6.75,88.6214442013,May,5
2015-05-15,2793,8169,6.07,14,801.0,218,8,7,1092,269,34,16,306,3.77172197,Friday,4.0,1,4.48333333333,87.908496732,6.35,91.8072289157,May,5
2015-05-16,4061,19971,14.84,18,532.0,247,101,118,27,452,26,18,507,9.22114564,Saturday,5.0,0,7.53333333333,89.1518737673,4.48333333333,87.908496732,May,5
2015-05-17,3349,852,6.33,12,606.0,186,46,73,1766,269,17,11,291,3.93327843,Sunday,6.0,0,4.48333333333,92.439862543,7.53333333333,89.1518737673,May,5
2015-05-18,2961,11998,8.91,20,936.0,189,18,51,1371,167,9,8,180,5.53641561,Monday,0.0,1,2.78333333333,92.7777777778,4.48333333333,92.439862543,May,5
2015-05-19,2911,12425,9.23,14,827.0,186,18,54,1351,368,50,27,420,5.73525433,Tuesday,1.0,1,6.13333333333,87.619047619,2.78333333333,92.7777777778,May,5
2015-05-20,2569,6008,4.46,8,783.0,214,15,2,9390,386,30,22,420,2.77131466,Wednesday,2.0,1,6.43333333333,91.9047619048,6.13333333333,87.619047619,May,5
2015-05-21,3228,16291,12.1,18,616.0,237,48,52,1766,351,46,26,399,7.5185891,Thursday,3.0,1,5.85,87.969924812,6.43333333333,91.9047619048,May,5
2015-05-22,2529,6111,4.54,8,820.0,190,14,5,8820,314,32,26,353,2.82102434,Friday,4.0,1,5.23333333333,88.9518413598,5.85,87.969924812,May,5
2015-05-23,4197,17928,13.32,17,533.0,262,79,132,288,432,35,24,469,8.27666172,Saturday,5.0,0,7.2,92.1108742004,5.23333333333,88.9518413598,May,5
2015-05-24,3899,13893,10.32,6,641.0,222,33,140,2502,224,24,19,270,6.41254872,Sunday,6.0,0,3.73333333333,82.962962963,7.2,92.1108742004,May,5
2015-05-25,2519,5109,3.8,8,861.0,200,0,0,8470,0,0,0,0,2.3612098,Monday,0.0,1,0.0,0.0,3.73333333333,82.962962963,May,5
2015-05-26,2357,443,3.29,6,1.269,156,0,0,6440,389,39,28,430,2.04431059,Tuesday,1.0,1,6.48333333333,90.4651162791,0.0,0.0,May,5
2015-05-27,3209,7498,5.57,18,692.0,196,64,50,1676,381,24,17,412,3.46103647,Wednesday,2.0,1,6.35,92.4757281553,6.48333333333,90.4651162791,May,5
2015-05-28,2811,849,6.31,14,771.0,212,8,13,1148,417,66,32,486,3.92085101,Thursday,3.0,1,6.95,85.8024691358,6.35,92.4757281553,May,5
2015-05-29,2558,565,4.2,8,789.0,208,0,0,8900,464,35,26,503,2.6097582,Friday,4.0,1,7.73333333333,92.2465208748,6.95,85.8024691358,May,5
2015-05-30,417,21479,15.98,16,503.0,230,55,153,2794,328,53,25,382,9.92950858,Saturday,5.0,0,5.46666666667,85.8638743455,7.73333333333,92.2465208748,May,5
2015-05-31,3533,18995,14.11,12,660.0,269,86,43,2092,426,54,33,495,8.76754481,Sunday,6.0,0,7.1,86.0606060606,5.46666666667,85.8638743455,May,5
2015-06-01,3354,16836,12.51,8,586.0,248,35,70,1862,430,41,26,484,7.77335121,Monday,0.0,1,7.16666666667,88.8429752066,7.1,86.0606060606,June,6
2015-06-02,3369,15944,11.85,29,640.0,214,15,93,1827,376,46,34,436,7.36324635,Tuesday,1.0,1,6.26666666667,86.2385321101,7.16666666667,88.8429752066,June,6
2015-06-03,3168,14273,10.6,11,721.0,178,16,89,1592,312,44,29,369,6.5865326,Wednesday,2.0,1,5.2,84.5528455285,6.26666666667,86.2385321101,June,6
2015-06-04,347,1606,11.93,11,724.0,239,38,70,1939,388,21,15,415,7.41295603,Thursday,3.0,1,6.46666666667,93.4939759036,5.2,84.5528455285,June,6
2015-06-05,3134,13594,10.1,16,677.0,215,36,52,1583,409,56,34,468,6.2758471,Friday,4.0,1,6.81666666667,87.3931623932,6.46666666667,93.4939759036,June,6
2015-06-06,3436,1548,11.5,11,520.0,246,78,42,1927,426,54,27,495,7.1457665,Saturday,5.0,0,7.1,86.0606060606,6.81666666667,87.3931623932,June,6
2015-06-07,3634,1944,14.48,8,966.0,210,28,130,2155,430,41,19,484,8.99745208,Sunday,6.0,0,7.16666666667,88.8429752066,7.1,86.0606060606,June,6
2015-06-08,3267,13926,10.35,21,701.0,265,63,29,1785,376,46,30,436,6.43118985,Monday,0.0,1,6.26666666667,86.2385321101,7.16666666667,88.8429752066,June,6
2015-06-09,3072,11338,8.42,28,806.0,228,43,31,1494,312,44,25,369,5.23194382,Tuesday,1.0,1,5.2,84.5528455285,6.26666666667,86.2385321101,June,6
2015-06-10,275,714,5.31,12,785.0,220,20,4,1081,388,21,14,415,3.29948001,Wednesday,2.0,1,6.46666666667,93.4939759036,5.2,84.5528455285,June,6
2015-06-11,3187,15449,11.48,22,676.0,205,39,64,1676,409,56,30,468,7.13333908,Thursday,3.0,1,6.81666666667,87.3931623932,6.46666666667,93.4939759036,June,6
2015-06-12,3207,1192,8.86,11,593.0,352,34,11,1777,54,18,3,87,5.50534706,Friday,4.0,1,0.9,62.0689655172,6.81666666667,87.3931623932,June,6
2015-06-13,4083,26444,19.65,22,549.0,429,56,56,2818,347,45,21,401,12.20994015,Saturday,5.0,0,5.78333333333,86.5336658354,0.9,62.0689655172,June,6
2015-06-14,2789,12335,9.16,35,1.245,88,10,93,1209,290,33,14,332,5.69175836,Sunday,6.0,0,4.83333333333,87.3493975904,5.78333333333,86.5336658354,June,6
2015-06-15,3234,14137,10.5,11,642.0,305,8,51,1756,379,24,14,411,6.5243955,Monday,0.0,1,6.31666666667,92.2141119221,4.83333333333,87.3493975904,June,6
2015-06-16,2952,11568,8.66,13,734.0,189,17,54,1352,394,29,17,436,5.38107286,Tuesday,1.0,1,6.56666666667,90.3669724771,6.31666666667,92.2141119221,June,6
2015-06-17,3352,16813,12.52,52,709.0,202,2,110,1809,421,23,13,448,7.77956492,Wednesday,2.0,1,7.01666666667,93.9732142857,6.56666666667,90.3669724771,June,6
2015-06-18,3425,15217,11.31,61,641.0,280,44,59,1974,169,20,11,196,7.02770601,Thursday,3.0,1,2.81666666667,86.2244897959,7.01666666667,93.9732142857,June,6
2015-06-19,309,13158,9.78,101,715.0,171,30,66,1511,0,0,0,0,6.07700838,Friday,4.0,1,0.0,0.0,2.81666666667,86.2244897959,June,6
2015-06-20,3699,19311,14.35,14,519.0,291,55,93,2348,412,17,9,436,8.91667385,Saturday,5.0,0,6.86666666667,94.495412844,0.0,0.0,June,6
2015-06-21,3385,16186,12.03,42,637.0,229,52,75,1921,379,49,30,438,7.47509313,Sunday,6.0,0,6.31666666667,86.5296803653,6.86666666667,94.495412844,June,6
2015-06-22,3088,12713,9.48,59,631.0,225,24,44,1533,373,47,23,427,5.89059708,Monday,0.0,1,6.21666666667,87.3536299766,6.31666666667,86.5296803653,June,6
2015-06-23,2823,9132,6.79,15,777.0,223,32,15,1236,360,51,26,416,4.21910909,Tuesday,1.0,1,6.0,86.5384615385,6.21666666667,87.3536299766,June,6
2015-06-24,3678,20239,15.04,25,621.0,292,37,95,2292,358,42,22,401,9.34541984,Wednesday,2.0,1,5.96666666667,89.27680798,6.0,86.5384615385,June,6
2015-06-25,3003,11199,8.32,28,737.0,227,36,20,1419,415,48,29,468,5.16980672,Thursday,3.0,1,6.91666666667,88.6752136752,5.96666666667,89.27680798,June,6
2015-06-26,3534,20269,15.06,4,720.0,218,54,99,2078,464,39,24,503,9.35784726,Friday,4.0,1,7.73333333333,92.2465208748,6.91666666667,88.6752136752,June,6
2015-06-27,3022,11655,8.66,10,670.0,220,28,53,1491,388,54,28,444,5.38107286,Saturday,5.0,0,6.46666666667,87.3873873874,7.73333333333,92.2465208748,June,6
2015-06-28,3237,12314,9.15,21,601.0,290,25,51,175,449,24,15,480,5.68554465,Sunday,6.0,0,7.48333333333,93.5416666667,6.46666666667,87.3873873874,June,6
2015-06-29,3142,12586,9.35,19,735.0,234,35,49,1579,357,29,15,395,5.80981885,Monday,0.0,1,5.95,90.3797468354,7.48333333333,93.5416666667,June,6
2015-06-30,2945,12445,9.25,11,635.0,200,18,58,1393,379,38,21,420,5.74768175,Tuesday,1.0,1,6.31666666667,90.2380952381,5.95,90.3797468354,June,6
2015-07-01,3352,14193,10.55,19,669.0,210,47,70,1782,332,16,7,349,6.55546405,Wednesday,2.0,1,5.53333333333,95.1289398281,6.31666666667,90.2380952381,July,7
2015-07-02,3063,1156,8.62,30,708.0,158,25,67,1419,413,38,19,454,5.35621802,Thursday,3.0,1,6.88333333333,90.9691629956,5.53333333333,95.1289398281,July,7
2015-07-03,3465,15695,11.66,22,648.0,248,63,54,1947,438,45,22,488,7.24518586,Friday,4.0,1,7.3,89.7540983607,6.88333333333,90.9691629956,July,7
2015-07-04,2894,9747,7.24,8,646.0,253,22,19,1337,277,42,15,320,4.49872604,Saturday,5.0,0,4.61666666667,86.5625,7.3,89.7540983607,July,7
2015-07-05,3515,15731,11.69,17,567.0,317,52,55,2111,291,22,17,317,7.26382699,Sunday,6.0,0,4.85,91.7981072555,4.61666666667,86.5625,July,7
2015-07-06,2699,8391,6.23,11,877.0,136,36,30,1082,370,26,14,444,3.87114133,Monday,0.0,1,6.16666666667,83.3333333333,4.85,91.7981072555,July,7
2015-07-07,274,8326,6.19,11,1.118,217,10,3,1106,455,21,13,482,3.84628649,Tuesday,1.0,1,7.58333333333,94.398340249,6.16666666667,83.3333333333,July,7
2015-07-08,3244,14241,10.58,14,700.0,234,22,59,1662,311,19,11,333,6.57410518,Wednesday,2.0,1,5.18333333333,93.3933933934,7.58333333333,94.398340249,July,7
2015-07-09,2994,7298,5.42,6,836.0,290,10,1,1322,550,44,19,594,3.36783082,Thursday,3.0,1,9.16666666667,92.5925925926,5.18333333333,93.3933933934,July,7
2015-07-10,3134,10644,7.91,15,683.0,283,36,17,1606,368,57,27,431,4.91504461,Friday,4.0,1,6.13333333333,85.3828306265,9.16666666667,92.5925925926,July,7
2015-07-11,3191,12371,9.19,11,639.0,194,46,60,1589,250,19,13,282,5.71039949,Saturday,5.0,0,4.16666666667,88.6524822695,6.13333333333,85.3828306265,July,7
2015-07-12,281,758,5.63,10,607.0,258,16,0,1201,76,10,7,92,3.49831873,Sunday,6.0,0,1.26666666667,82.6086956522,4.16666666667,88.6524822695,July,7
2015-07-13,3259,12168,9.04,18,731.0,212,52,60,1725,360,39,18,425,5.61719384,Monday,0.0,1,6.0,84.7058823529,1.26666666667,82.6086956522,July,7
2015-07-14,3383,15135,11.28,20,740.0,167,47,87,1813,248,12,7,261,7.00906488,Tuesday,1.0,1,4.13333333333,95.0191570881,6.0,84.7058823529,July,7
2015-07-15,3569,14996,11.14,32,573.0,321,50,54,2155,410,52,27,463,6.92207294,Wednesday,2.0,1,6.83333333333,88.5529157667,4.13333333333,95.0191570881,July,7
2015-07-16,3017,8704,6.47,14,697.0,225,31,29,1392,465,31,16,501,4.02027037,Thursday,3.0,1,7.75,92.8143712575,6.83333333333,88.5529157667,July,7
2015-07-17,3228,12739,9.47,16,761.0,247,47,47,1733,406,22,17,435,5.88438337,Friday,4.0,1,6.76666666667,93.3333333333,7.75,92.8143712575,July,7
2015-07-18,3352,13247,9.84,20,484.0,317,31,47,191,347,29,15,385,6.11429064,Saturday,5.0,0,5.78333333333,90.1298701299,6.76666666667,93.3333333333,July,7
2015-07-19,3237,1166,8.66,10,680.0,286,5,53,1703,362,24,14,393,5.38107286,Sunday,6.0,0,6.03333333333,92.1119592875,5.78333333333,90.1298701299,July,7
2015-07-20,3278,13702,10.18,21,708.0,246,48,43,1775,418,20,11,438,6.32555678,Monday,0.0,1,6.96666666667,95.4337899543,6.03333333333,92.1119592875,July,7
2015-07-21,304,1124,8.35,17,732.0,208,52,24,1438,411,31,11,451,5.18844785,Tuesday,1.0,1,6.85,91.1308203991,6.96666666667,95.4337899543,July,7
2015-07-22,3071,13262,9.85,20,1.093,166,33,70,1495,304,28,16,338,6.12050435,Wednesday,2.0,1,5.06666666667,89.9408284024,6.85,91.1308203991,July,7
2015-07-23,2984,909,6.75,17,719.0,234,23,23,1349,343,50,24,398,4.19425425,Thursday,3.0,1,5.71666666667,86.1809045226,5.06666666667,89.9408284024,July,7
2015-07-24,3468,15779,11.72,23,618.0,346,48,21,2073,368,18,10,391,7.28246812,Friday,4.0,1,6.13333333333,94.1176470588,5.71666666667,86.1809045226,July,7
2015-07-25,2706,6174,4.59,3,677.0,231,13,4,1046,380,34,24,420,2.85209289,Saturday,5.0,0,6.33333333333,90.4761904762,6.13333333333,94.1176470588,July,7
2015-07-26,309,11614,8.63,9,503.0,301,2,40,1573,322,41,13,363,5.36243173,Sunday,6.0,0,5.36666666667,88.7052341598,6.33333333333,90.4761904762,July,7
2015-07-27,3091,1346,10.0,13,822.0,190,29,64,1527,0,0,0,0,6.21371,Monday,0.0,1,0.0,0.0,5.36666666667,88.7052341598,July,7
2015-07-28,298,10,7.43,13,803.0,230,44,11,137,472,29,16,519,4.61678653,Tuesday,1.0,1,7.86666666667,90.9441233141,0.0,0.0,July,7
2015-07-29,3138,1068,7.94,16,634.0,322,21,4,1628,292,23,16,343,4.93368574,Wednesday,2.0,1,4.86666666667,85.1311953353,7.86666666667,90.9441233141,July,7
2015-07-30,3246,14105,10.48,20,718.0,225,60,44,1727,304,47,21,357,6.51196808,Thursday,3.0,1,5.06666666667,85.1540616246,4.86666666667,85.1311953353,July,7
2015-07-31,2654,9194,6.83,20,784.0,198,7,0,9140,419,51,25,480,4.24396393,Friday,4.0,1,6.98333333333,87.2916666667,5.06666666667,85.1540616246,July,7
2015-08-01,3453,17497,13.02,11,1.092,219,54,45,1673,172,6,7,185,8.09025042,Saturday,5.0,0,2.86666666667,92.972972973,6.98333333333,87.2916666667,August,8
2015-08-02,2651,5765,4.28,8,544.0,245,6,6,1039,303,48,31,356,2.65946788,Sunday,6.0,0,5.05,85.1123595506,2.86666666667,92.972972973,August,8
2015-08-03,342,15362,11.41,16,683.0,226,65,54,1883,368,29,23,406,7.08984311,Monday,0.0,1,6.13333333333,90.6403940887,5.05,85.1123595506,August,8
2015-08-04,2863,987,7.33,20,793.0,186,28,32,1225,389,36,19,433,4.55464943,Tuesday,1.0,1,6.48333333333,89.8383371824,6.13333333333,90.6403940887,August,8
2015-08-05,3326,14502,10.78,34,520.0,250,41,59,1838,415,39,31,467,6.69837938,Wednesday,2.0,1,6.91666666667,88.8650963597,6.48333333333,89.8383371824,August,8
2015-08-06,3472,14652,10.89,26,562.0,350,42,20,2079,0,0,0,0,6.76673019,Thursday,3.0,1,0.0,0.0,6.91666666667,88.8650963597,August,8
2015-08-07,2849,7628,5.67,11,638.0,283,11,8,1297,529,78,38,607,3.52317357,Friday,4.0,1,8.81666666667,87.1499176277,0.0,0.0,August,8
2015-08-08,3168,13877,10.31,32,609.0,206,57,51,1638,294,42,18,351,6.40633501,Saturday,5.0,0,4.9,83.7606837607,8.81666666667,87.1499176277,August,8
2015-08-09,3109,11433,8.49,15,561.0,236,40,35,1564,303,27,16,336,5.27543979,Sunday,6.0,0,5.05,90.1785714286,4.9,83.7606837607,August,8
2015-08-10,3139,13655,10.15,13,985.0,285,8,23,1617,553,31,20,592,6.30691565,Monday,0.0,1,9.21666666667,93.4121621622,5.05,90.1785714286,August,8
2015-08-11,2857,13535,10.08,7,1.348,44,4,14,3470,402,22,12,427,6.26341968,Tuesday,1.0,1,6.7,94.1451990632,9.21666666667,93.4121621622,August,8
2015-08-12,2055,1883,1.4,1,1.37,70,0,0,2870,192,22,12,230,0.8699194,Wednesday,2.0,1,3.2,83.4782608696,6.7,94.1451990632,August,8
2015-08-13,3218,11354,8.44,8,694.0,366,4,10,1718,487,27,17,518,5.24437124,Thursday,3.0,1,8.11666666667,94.0154440154,3.2,83.4782608696,August,8
2015-08-14,301,11532,8.57,4,572.0,301,26,10,1542,544,39,24,583,5.32514947,Friday,4.0,1,9.06666666667,93.3104631218,8.11666666667,94.0154440154,August,8
2015-08-15,2813,6129,4.55,3,635.0,256,8,1,1159,77,0,0,77,2.82723805,Saturday,5.0,0,1.28333333333,100.0,9.06666666667,93.3104631218,August,8
2015-08-16,2706,6238,4.64,3,688.0,267,0,0,1084,80,2,5,92,2.88316144,Sunday,6.0,0,1.33333333333,86.9565217391,1.28333333333,100.0,August,8
2015-08-17,3683,15572,11.57,9,515.0,472,33,14,2362,0,0,0,0,7.18926247,Monday,0.0,1,0.0,0.0,1.33333333333,86.9565217391,August,8
2015-08-18,3106,10886,8.09,19,639.0,292,27,20,1578,263,33,17,297,5.02689139,Tuesday,1.0,1,4.38333333333,88.5521885522,0.0,0.0,August,8
2015-08-19,3217,12213,9.07,6,421.0,381,13,8,1834,219,15,11,237,5.63583497,Wednesday,2.0,1,3.65,92.4050632911,4.38333333333,88.5521885522,August,8
2015-08-20,3421,12929,9.61,4,565.0,425,25,18,207,551,42,27,593,5.97137531,Thursday,3.0,1,9.18333333333,92.9173693086,3.65,92.4050632911,August,8
2015-08-21,3382,16365,12.16,5,461.0,329,45,16,195,429,34,16,465,7.55587136,Friday,4.0,1,7.15,92.2580645161,9.18333333333,92.9173693086,August,8
2015-08-22,3498,17252,12.82,15,481.0,382,19,42,2164,263,7,13,285,7.96597622,Saturday,5.0,0,4.38333333333,92.2807017544,7.15,92.2580645161,August,8
2015-08-23,3288,14537,10.8,3,518.0,345,19,47,1937,445,75,38,526,6.7108068,Sunday,6.0,0,7.41666666667,84.6007604563,4.38333333333,92.2807017544,August,8
2015-08-24,3215,13404,9.96,18,685.0,192,38,71,1648,212,33,15,247,6.18885516,Monday,0.0,1,3.53333333333,85.8299595142,7.41666666667,84.6007604563,August,8
2015-08-25,3063,1094,8.13,12,697.0,199,52,50,153,324,22,13,354,5.05174623,Tuesday,1.0,1,5.4,91.5254237288,3.53333333333,85.8299595142,August,8
2015-08-26,2928,10032,7.45,13,757.0,175,45,45,1328,465,60,33,525,4.62921395,Wednesday,2.0,1,7.75,88.5714285714,5.4,91.5254237288,August,8
2015-08-27,3229,14008,10.41,6,544.0,334,18,35,1828,440,33,23,476,6.46847211,Thursday,3.0,1,7.33333333333,92.4369747899,7.75,88.5714285714,August,8
2015-08-28,3356,12149,9.03,11,1.051,369,9,11,1861,518,28,19,549,5.61098013,Friday,4.0,1,8.63333333333,94.3533697632,7.33333333333,92.4369747899,August,8
2015-08-29,389,19977,14.84,26,648.0,395,23,74,254,375,49,33,446,9.22114564,Saturday,5.0,0,6.25,84.0807174888,8.63333333333,94.3533697632,August,8
2015-08-30,2961,11924,8.91,64,1.421,0,0,0,0,326,13,6,339,5.53641561,Sunday,6.0,0,5.43333333333,96.1651917404,6.25,84.0807174888,August,8
2015-08-31,3136,10757,7.99,15,1.187,145,43,65,1532,397,21,14,437,4.96475429,Monday,0.0,1,6.61666666667,90.8466819222,5.43333333333,96.1651917404,August,8
2015-09-01,3681,12229,9.11,24,689.0,421,17,16,22,497,47,37,549,5.66068981,Tuesday,1.0,1,8.28333333333,90.5282331512,6.61666666667,90.8466819222,September,9
2015-09-02,3009,1033,7.68,16,770.0,248,16,15,1369,0,0,0,0,4.77212928,Wednesday,2.0,1,0.0,0.0,8.28333333333,90.5282331512,September,9
2015-09-03,3094,11689,8.69,11,1.043,182,50,51,153,234,5,8,250,5.39971399,Thursday,3.0,1,3.9,93.6,0.0,0.0,September,9
2015-09-04,3518,15627,11.61,26,606.0,284,50,55,2063,52,6,3,69,7.21411731,Friday,4.0,1,0.866666666667,75.3623188406,3.9,93.6,September,9
2015-09-05,2885,10681,7.94,1,656.0,240,15,30,1356,0,0,0,0,4.93368574,Saturday,5.0,0,0.0,0.0,0.866666666667,75.3623188406,September,9
2015-09-06,2745,7907,5.88,0,654.0,287,0,0,1217,125,13,9,141,3.65366148,Sunday,6.0,0,2.08333333333,88.6524822695,0.0,0.0,September,9
2015-09-07,2829,9487,7.05,17,1.156,152,40,28,1197,316,46,20,366,4.38066555,Monday,0.0,1,5.26666666667,86.3387978142,2.08333333333,88.6524822695,September,9
2015-09-08,2742,8253,6.13,11,1.137,91,16,29,7630,0,0,0,0,3.80900423,Tuesday,1.0,1,0.0,0.0,5.26666666667,86.3387978142,September,9
2015-09-09,4351,22238,16.52,16,355.0,407,87,85,3181,452,26,18,489,10.26504892,Wednesday,2.0,1,7.53333333333,92.4335378323,0.0,0.0,September,9
2015-09-10,2967,1065,7.91,15,940.0,198,38,42,1421,479,32,21,512,4.91504461,Thursday,3.0,1,7.98333333333,93.5546875,7.53333333333,92.4335378323,September,9
2015-09-11,3054,12038,8.94,14,700.0,201,44,57,153,382,30,18,414,5.55505674,Friday,4.0,1,6.36666666667,92.270531401,7.98333333333,93.5546875,September,9
2015-09-12,2937,1148,8.53,2,462.0,315,8,13,1481,0,0,0,0,5.30029463,Saturday,5.0,0,0.0,0.0,6.36666666667,92.270531401,September,9
2015-09-13,2977,9199,6.84,5,600.0,361,15,8,1564,153,8,9,163,4.25017764,Sunday,6.0,0,2.55,93.8650306748,0.0,0.0,September,9
2015-09-14,2947,9564,7.11,16,1.118,168,43,46,1355,393,61,33,468,4.41794781,Monday,0.0,1,6.55,83.9743589744,2.55,93.8650306748,September,9
2015-09-15,2821,9019,6.7,13,755.0,144,72,25,1247,226,12,8,249,4.1631857,Tuesday,1.0,1,3.76666666667,90.7630522088,6.55,83.9743589744,September,9
2015-09-16,3041,10239,7.61,13,675.0,192,35,46,1464,249,31,15,287,4.72863331,Wednesday,2.0,1,4.15,86.7595818815,3.76666666667,90.7630522088,September,9
2015-09-17,2796,7739,5.75,14,741.0,211,17,10,114,525,72,45,603,3.57288325,Thursday,3.0,1,8.75,87.0646766169,4.15,86.7595818815,September,9
2015-09-18,2978,1262,9.38,9,773.0,170,59,39,1419,414,61,34,480,5.82845998,Friday,4.0,1,6.9,86.25,8.75,87.0646766169,September,9
2015-09-19,316,14226,10.57,11,669.0,291,35,41,1736,0,0,0,0,6.56789147,Saturday,5.0,0,0.0,0.0,6.9,86.25,September,9
2015-09-20,2325,3858,2.87,1,1.255,185,0,0,7000,426,17,11,444,1.78333477,Sunday,6.0,0,7.1,95.9459459459,0.0,0.0,September,9
2015-09-21,3458,17603,13.08,35,1.053,223,56,67,1912,423,40,27,478,8.12753268,Monday,0.0,1,7.05,88.4937238494,7.1,95.9459459459,September,9
2015-09-22,2988,10699,7.95,17,655.0,252,32,21,1471,407,41,29,457,4.93989945,Tuesday,1.0,1,6.78333333333,89.0590809628,7.05,88.4937238494,September,9
2015-09-23,2561,7261,5.39,17,908.0,135,14,18,8690,393,58,30,452,3.34918969,Wednesday,2.0,1,6.55,86.9469026549,6.78333333333,89.0590809628,September,9
2015-09-24,3159,10608,7.88,17,1.107,177,63,52,16,396,35,24,433,4.89640348,Thursday,3.0,1,6.6,91.454965358,6.55,86.9469026549,September,9
2015-09-25,3193,12271,9.12,7,548.0,323,34,24,1799,0,0,0,0,5.66690352,Friday,4.0,1,0.0,0.0,6.6,91.454965358,September,9
2015-09-26,2934,9998,7.45,2,782.0,327,0,0,1431,0,0,0,0,4.62921395,Saturday,5.0,0,0.0,0.0,0.0,0.0,September,9
2015-09-27,2589,5757,4.28,1,800.0,270,0,0,1033,395,35,17,430,2.65946788,Sunday,6.0,0,6.58333333333,91.8604651163,0.0,0.0,September,9
2015-09-28,2874,8995,6.68,13,826.0,171,45,33,129,420,36,17,456,4.15075828,Monday,0.0,1,7.0,92.1052631579,6.58333333333,91.8604651163,September,9
2015-09-29,2757,7553,5.61,13,789.0,163,54,15,1146,0,0,0,0,3.48589131,Tuesday,1.0,1,0.0,0.0,7.0,92.1052631579,September,9
2015-09-30,2714,6494,4.83,11,711.0,208,26,5,1092,434,35,16,469,3.00122193,Wednesday,2.0,1,7.23333333333,92.5373134328,0.0,0.0,September,9
2015-10-01,2712,7951,5.91,11,667.0,191,40,9,1126,359,54,30,414,3.67230261,Thursday,3.0,1,5.98333333333,86.7149758454,7.23333333333,92.5373134328,October,10
2015-10-02,2809,7424,5.52,8,801.0,179,43,25,1206,265,20,10,285,3.42996792,Friday,4.0,1,4.41666666667,92.9824561404,5.98333333333,86.7149758454,October,10
2015-10-03,2322,6813,5.06,0,1.315,75,41,9,6670,411,38,23,450,3.14413726,Saturday,5.0,0,6.85,91.3333333333,4.41666666667,92.9824561404,October,10
2015-10-04,2319,3991,2.97,1,1.136,163,0,0,6450,309,39,26,348,1.84547187,Sunday,6.0,0,5.15,88.7931034483,6.85,91.3333333333,October,10
2015-10-05,2859,9725,7.23,6,988.0,268,24,14,1378,477,27,16,504,4.49251233,Monday,0.0,1,7.95,94.6428571429,5.15,88.7931034483,October,10
2015-10-06,2978,8936,6.64,16,780.0,205,46,27,1383,403,45,27,448,4.12590344,Tuesday,1.0,1,6.71666666667,89.9553571429,7.95,94.6428571429,October,10
2015-10-07,2678,6565,4.88,10,841.0,157,27,20,1009,431,39,28,470,3.03229048,Wednesday,2.0,1,7.18333333333,91.7021276596,6.71666666667,89.9553571429,October,10
2015-10-08,2767,7865,5.84,15,1.118,204,32,13,1178,0,0,0,0,3.62880664,Thursday,3.0,1,0.0,0.0,7.18333333333,91.7021276596,October,10
2015-10-09,2549,8718,6.48,10,976.0,65,0,0,2580,108,7,5,115,4.02648408,Friday,4.0,1,1.8,93.9130434783,0.0,0.0,October,10
2015-10-10,2918,12364,9.22,0,1.046,234,29,32,1423,78,3,2,81,5.72904062,Saturday,5.0,0,1.3,96.2962962963,1.8,93.9130434783,October,10
2015-10-11,2509,5216,3.88,1,1.243,175,17,5,8780,397,66,35,463,2.41091948,Sunday,6.0,0,6.61666666667,85.7451403888,1.3,96.2962962963,October,10
2015-10-12,2687,658,4.89,10,1.246,104,57,33,1059,387,17,8,404,3.03850419,Monday,0.0,1,6.45,95.7920792079,6.61666666667,85.7451403888,October,10
2015-10-13,2698,7015,5.21,10,1.244,130,37,29,1036,0,0,0,0,3.23734291,Tuesday,1.0,1,0.0,0.0,6.45,95.7920792079,October,10
2015-10-14,2621,8103,6.02,5,1.219,215,4,2,1017,407,65,33,472,3.74065342,Wednesday,2.0,1,6.78333333333,86.2288135593,0.0,0.0,October,10
2015-10-15,2698,6962,5.17,11,1.234,115,57,28,1075,92,7,6,99,3.21248807,Thursday,3.0,1,1.53333333333,92.9292929293,6.78333333333,86.2288135593,October,10
2015-10-16,3295,16478,12.3,12,643.0,304,8,43,1833,0,0,0,0,7.6428633,Friday,4.0,1,0.0,0.0,1.53333333333,92.9292929293,October,10
2015-10-17,2871,11603,8.62,3,732.0,236,38,22,1384,0,0,0,0,5.35621802,Saturday,5.0,0,0.0,0.0,0.0,0.0,October,10
2015-10-18,2899,11429,8.49,0,962.0,269,8,17,139,0,0,0,0,5.27543979,Sunday,6.0,0,0.0,0.0,0.0,0.0,October,10
2015-10-19,2581,6293,4.68,1,854.0,226,0,0,9560,0,0,0,0,2.90801628,Monday,0.0,1,0.0,0.0,0.0,0.0,October,10
2015-10-20,2672,7269,5.4,14,1.29,105,22,23,7910,0,0,0,0,3.3554034,Tuesday,1.0,1,0.0,0.0,0.0,0.0,October,10
2015-10-21,2406,4471,3.32,2,1.134,165,0,0,6860,326,29,16,355,2.06295172,Wednesday,2.0,1,5.43333333333,91.8309859155,0.0,0.0,October,10
2015-10-22,341,17913,13.31,7,1.053,210,39,75,1851,444,57,33,505,8.27044801,Thursday,3.0,1,7.4,87.9207920792,5.43333333333,91.8309859155,October,10
2015-10-23,2511,5431,4.04,1,678.0,166,9,13,8080,142,9,6,151,2.51033884,Friday,4.0,1,2.36666666667,94.0397350993,7.4,87.9207920792,October,10
2015-10-24,2907,11672,8.67,0,663.0,222,48,29,1401,347,45,29,393,5.38728657,Saturday,5.0,0,5.78333333333,88.2951653944,2.36666666667,94.0397350993,October,10
2015-10-25,3435,14777,10.98,0,597.0,302,57,39,1943,0,0,0,0,6.82265358,Sunday,6.0,0,0.0,0.0,5.78333333333,88.2951653944,October,10
2015-10-26,2931,9171,6.81,9,767.0,273,30,7,1414,0,0,0,0,4.23153651,Monday,0.0,1,0.0,0.0,0.0,0.0,October,10
2015-10-27,2867,8807,6.54,11,810.0,224,29,12,1275,136,21,10,157,4.06376634,Tuesday,1.0,1,2.26666666667,86.6242038217,0.0,0.0,October,10
2015-10-28,247,5623,4.18,2,779.0,170,19,3,8170,209,14,6,223,2.59733078,Wednesday,2.0,1,3.48333333333,93.7219730942,2.26666666667,86.6242038217,October,10
2015-10-29,3109,1291,9.59,20,1.091,258,24,20,1519,365,19,14,384,5.95894789,Thursday,3.0,1,6.08333333333,95.0520833333,3.48333333333,93.7219730942,October,10
2015-10-30,2942,8805,6.54,12,821.0,170,51,29,1264,151,16,10,167,4.06376634,Friday,4.0,1,2.51666666667,90.4191616766,6.08333333333,95.0520833333,October,10
2015-10-31,2736,7107,5.28,0,510.0,277,0,0,1162,226,24,15,250,3.28083888,Saturday,5.0,0,3.76666666667,90.4,2.51666666667,90.4191616766,October,10
2015-11-01,2395,3862,2.87,0,889.0,166,0,0,6610,405,44,23,449,1.78333477,Sunday,6.0,0,6.75,90.2004454343,3.76666666667,90.4,November,11
2015-11-02,259,7368,5.47,13,1.279,126,22,13,7770,276,28,14,304,3.39889937,Monday,0.0,1,4.6,90.7894736842,6.75,90.2004454343,November,11
2015-11-03,2403,6269,4.66,9,1.43,10,0,0,370,0,0,0,0,2.89558886,Tuesday,1.0,1,0.0,0.0,4.6,90.7894736842,November,11
2015-11-04,2917,852,6.33,14,662.0,191,43,24,1294,155,8,5,163,3.93327843,Wednesday,2.0,1,2.58333333333,95.0920245399,0.0,0.0,November,11
2015-11-05,2851,8116,6.03,13,827.0,228,37,8,1258,383,41,23,424,3.74686713,Thursday,3.0,1,6.38333333333,90.3301886792,2.58333333333,95.0920245399,November,11
2015-11-06,282,8268,6.14,14,776.0,145,75,22,1218,319,15,7,334,3.81521794,Friday,4.0,1,5.31666666667,95.5089820359,6.38333333333,90.3301886792,November,11
2015-11-07,369,14489,10.77,0,525.0,280,52,68,2285,0,0,0,0,6.69216567,Saturday,5.0,0,0.0,0.0,5.31666666667,95.5089820359,November,11
2015-11-08,3067,9212,6.84,2,508.0,198,27,53,151,0,0,0,0,4.25017764,Sunday,6.0,0,0.0,0.0,0.0,0.0,November,11
2015-11-09,2828,95,7.06,0,756.0,218,28,13,1225,345,41,21,386,4.38687926,Monday,0.0,1,5.75,89.378238342,0.0,0.0,November,11
2015-11-10,3336,11151,8.29,1,705.0,198,40,79,1799,383,47,28,431,5.15116559,Tuesday,1.0,1,6.38333333333,88.8631090487,5.75,89.378238342,November,11
2015-11-11,2867,12351,9.18,1,981.0,181,66,24,1353,391,23,11,414,5.70418578,Wednesday,2.0,1,6.51666666667,94.4444444444,6.38333333333,88.8631090487,November,11
2015-11-12,2847,1067,7.93,1,684.0,162,17,61,1228,231,26,15,257,4.92747203,Thursday,3.0,1,3.85,89.8832684825,6.51666666667,94.4444444444,November,11
2015-11-13,246,5574,4.14,1,1.209,156,8,16,7780,526,30,17,556,2.57247594,Friday,4.0,1,8.76666666667,94.6043165468,3.85,89.8832684825,November,11
2015-11-14,3445,11587,8.61,4,608.0,159,41,103,1953,369,62,37,440,5.35000431,Saturday,5.0,0,6.15,83.8636363636,8.76666666667,94.6043165468,November,11
2015-11-15,2853,9499,7.06,2,738.0,167,28,44,1219,291,46,26,337,4.38687926,Sunday,6.0,0,4.85,86.350148368,6.15,83.8636363636,November,11
2015-11-16,359,13788,10.53,18,978.0,282,31,61,199,143,8,5,151,6.54303663,Monday,0.0,1,2.38333333333,94.701986755,4.85,86.350148368,November,11
2015-11-17,3792,18361,13.72,33,543.0,366,73,42,2462,503,50,31,553,8.52521012,Tuesday,1.0,1,8.38333333333,90.9584086799,2.38333333333,94.701986755,November,11
2015-11-18,3222,14055,10.44,10,673.0,268,53,27,1771,0,0,0,0,6.48711324,Wednesday,2.0,1,0.0,0.0,8.38333333333,90.9584086799,November,11
2015-11-19,3092,11927,8.86,9,726.0,305,21,37,165,524,32,14,556,5.50534706,Thursday,3.0,1,8.73333333333,94.2446043165,0.0,0.0,November,11
2015-11-20,3395,15221,11.31,6,464.0,316,40,58,2004,269,36,21,307,7.02770601,Friday,4.0,1,4.48333333333,87.6221498371,8.73333333333,94.2446043165,November,11
2015-11-21,2802,8568,6.42,1,1.174,249,3,14,1209,0,0,0,0,3.98920182,Saturday,5.0,0,0.0,0.0,4.48333333333,87.6221498371,November,11
2015-11-22,2177,3284,2.44,0,1.269,98,3,8,4770,378,32,23,410,1.51614524,Sunday,6.0,0,6.3,92.1951219512,0.0,0.0,November,11
2015-11-23,3035,9408,6.99,1,682.0,295,31,14,1552,424,31,24,462,4.34338329,Monday,0.0,1,7.06666666667,91.7748917749,6.3,92.1951219512,November,11
2015-11-24,2843,10261,7.62,1,1.182,210,2,46,1262,353,33,26,386,4.73484702,Tuesday,1.0,1,5.88333333333,91.4507772021,7.06666666667,91.7748917749,November,11
2015-11-25,2829,8218,6.11,22,1.142,155,50,22,1177,444,46,25,490,3.79657681,Wednesday,2.0,1,7.4,90.612244898,5.88333333333,91.4507772021,November,11
2015-11-26,3076,976,7.25,13,1.13,214,61,30,1502,0,0,0,0,4.50493975,Thursday,3.0,1,0.0,0.0,7.4,90.612244898,November,11
2015-11-27,3242,10769,8.0,17,725.0,222,60,42,1711,0,0,0,0,4.970968,Friday,4.0,1,0.0,0.0,0.0,0.0,November,11
2015-11-28,3254,11671,8.7,5,643.0,375,7,15,1776,244,32,16,276,5.4059277,Saturday,5.0,0,4.06666666667,88.4057971014,0.0,0.0,November,11
2015-11-29,3247,14444,10.73,14,618.0,258,39,51,1821,0,0,0,0,6.66731083,Sunday,6.0,0,0.0,0.0,4.06666666667,88.4057971014,November,11
2015-11-30,4012,23313,17.32,16,550.0,389,67,75,2743,69,2,1,71,10.76214572,Monday,0.0,1,1.15,97.1830985915,0.0,0.0,November,11
2015-12-01,3232,1681,12.49,14,750.0,152,9,97,1618,0,0,0,0,7.76092379,Tuesday,1.0,1,0.0,0.0,1.15,97.1830985915,December,12
2015-12-02,3125,10745,8.01,10,634.0,174,48,62,1559,325,22,17,348,4.97718171,Wednesday,2.0,1,5.41666666667,93.3908045977,0.0,0.0,December,12
2015-12-03,3165,10784,8.04,14,774.0,201,25,68,16,404,43,32,448,4.99582284,Thursday,3.0,1,6.73333333333,90.1785714286,5.41666666667,93.3908045977,December,12
2015-12-04,2835,1074,8.08,11,1.1,146,39,52,1271,328,33,22,362,5.02067768,Friday,4.0,1,5.46666666667,90.6077348066,6.73333333333,90.1785714286,December,12
2015-12-05,2872,8531,6.36,0,723.0,325,0,0,1354,352,37,24,397,3.95191956,Saturday,5.0,0,5.86666666667,88.6649874055,5.46666666667,90.6077348066,December,12
2015-12-06,3072,12738,9.46,10,811.0,244,45,35,1579,275,31,14,306,5.87816966,Sunday,6.0,0,4.58333333333,89.8692810458,5.86666666667,88.6649874055,December,12
2015-12-07,3107,1352,10.07,13,672.0,261,13,50,1603,398,44,33,442,6.25720597,Monday,0.0,1,6.63333333333,90.0452488688,4.58333333333,89.8692810458,December,12
2015-12-08,3801,15884,11.83,2,962.0,248,25,123,2393,271,37,21,308,7.35081893,Tuesday,1.0,1,4.51666666667,87.987012987,6.63333333333,90.0452488688,December,12
2015-12-09,3062,10026,7.45,17,803.0,204,29,38,1449,0,0,0,0,4.62921395,Wednesday,2.0,1,0.0,0.0,4.51666666667,87.987012987,December,12
2015-12-10,3044,11868,8.84,17,1.19,170,26,54,1411,268,8,4,276,5.49291964,Thursday,3.0,1,4.46666666667,97.1014492754,0.0,0.0,December,12
2015-12-11,3082,12381,9.22,17,1.096,212,30,52,1503,196,19,7,215,5.72904062,Friday,4.0,1,3.26666666667,91.1627906977,4.46666666667,97.1014492754,December,12
2015-12-12,2766,7157,5.32,11,605.0,290,0,0,1216,232,11,6,243,3.30569372,Saturday,5.0,0,3.86666666667,95.4732510288,3.26666666667,91.1627906977,December,12
2015-12-13,2787,7055,5.24,2,690.0,248,19,6,1182,0,0,0,0,3.25598404,Sunday,6.0,0,0.0,0.0,3.86666666667,95.4732510288,December,12
2015-12-14,2831,9348,6.99,18,827.0,179,22,42,1229,318,38,31,369,4.34338329,Monday,0.0,1,5.3,86.1788617886,0.0,0.0,December,12
2015-12-15,2711,8566,6.39,15,898.0,137,28,33,1038,0,0,0,0,3.97056069,Tuesday,1.0,1,0.0,0.0,5.3,86.1788617886,December,12
2015-12-16,2714,9786,7.27,20,1.118,159,29,28,111,0,0,0,0,4.51736717,Wednesday,2.0,1,0.0,0.0,0.0,0.0,December,12
2015-12-17,2709,8371,6.22,18,1.069,146,31,24,105,464,58,35,522,3.86492762,Thursday,3.0,1,7.73333333333,88.8888888889,0.0,0.0,December,12
2015-12-18,2917,9428,7.01,10,1.141,220,43,21,1331,279,21,20,303,4.35581071,Friday,4.0,1,4.65,92.0792079208,7.73333333333,88.8888888889,December,12
2015-12-19,311,13742,10.21,6,579.0,357,15,22,1734,321,39,21,361,6.34419791,Saturday,5.0,0,5.35,88.91966759,4.65,92.0792079208,December,12
2015-12-20,3391,15636,11.73,2,550.0,316,56,23,1973,242,12,6,254,7.28868183,Sunday,6.0,0,4.03333333333,95.2755905512,5.35,88.91966759,December,12
2015-12-21,3145,12778,9.49,15,664.0,313,42,6,1678,102,4,2,106,5.89681079,Monday,0.0,1,1.7,96.2264150943,4.03333333333,95.2755905512,December,12
2015-12-22,2636,7378,5.48,12,838.0,176,33,12,1044,161,9,4,170,3.40511308,Tuesday,1.0,1,2.68333333333,94.7058823529,1.7,96.2264150943,December,12
2015-12-23,1789,0,0.0,0,1.44,0,0,0,0,0,0,0,0,0.0,Wednesday,2.0,1,0.0,0.0,2.68333333333,94.7058823529,December,12
2015-12-24,2573,6452,4.79,0,1.217,223,0,0,9620,440,42,22,482,2.97636709,Thursday,3.0,1,7.33333333333,91.2863070539,0.0,0.0,December,12
2015-12-25,2808,7837,5.82,0,663.0,332,0,0,1311,339,48,28,387,3.61637922,Friday,4.0,1,5.65,87.5968992248,7.33333333333,91.2863070539,December,12
2015-12-26,2626,6504,4.83,0,588.0,282,0,0,1089,388,16,10,404,3.00122193,Saturday,5.0,0,6.46666666667,96.0396039604,5.65,87.5968992248,December,12
2015-12-27,2604,6444,4.84,1,746.0,252,0,0,103,419,19,11,438,3.00743564,Sunday,6.0,0,6.98333333333,95.6621004566,6.46666666667,96.0396039604,December,12
2015-12-28,2845,7845,5.83,2,686.0,337,0,0,1359,0,0,0,0,3.62259293,Monday,0.0,1,0.0,0.0,6.98333333333,95.6621004566,December,12
2015-12-29,3135,1226,9.11,11,636.0,375,3,26,1718,0,0,0,0,5.66068981,Tuesday,1.0,1,0.0,0.0,0.0,0.0,December,12
2015-12-30,305,12154,9.05,9,617.0,276,6,45,1567,308,49,27,357,5.62340755,Wednesday,2.0,1,5.13333333333,86.2745098039,0.0,0.0,December,12
2015-12-31,2856,7801,5.8,0,577.0,362,0,0,1394,488,46,27,534,3.6039518,Thursday,3.0,1,8.13333333333,91.3857677903,5.13333333333,86.2745098039,December,12
2016-01-01,2992,1046,7.92,0,685.0,375,0,0,1558,326,39,24,365,4.92125832,Friday,4.0,1,5.43333333333,89.3150684932,8.13333333333,91.3857677903,January,1
2016-01-02,3265,13837,10.33,7,601.0,339,15,36,1841,207,31,18,238,6.41876243,Saturday,5.0,0,3.45,86.974789916,5.43333333333,89.3150684932,January,1
2016-01-03,309,12517,9.3,11,1.034,272,9,49,1566,242,10,6,252,5.7787503,Sunday,6.0,0,4.03333333333,96.0317460317,3.45,86.974789916,January,1
2016-01-04,3116,10366,7.7,16,650.0,235,53,30,159,448,58,33,506,4.7845567,Monday,0.0,1,7.46666666667,88.5375494071,4.03333333333,96.0317460317,January,1
2016-01-05,3241,12127,9.13,16,682.0,284,47,28,176,541,31,13,572,5.67311723,Tuesday,1.0,1,9.01666666667,94.5804195804,7.46666666667,88.5375494071,January,1
2016-01-06,2992,11327,8.42,14,613.0,314,5,32,153,278,15,14,295,5.23194382,Wednesday,2.0,1,4.63333333333,94.2372881356,9.01666666667,94.5804195804,January,1
2016-01-07,3146,11098,8.25,15,720.0,247,53,30,163,316,39,19,355,5.12631075,Thursday,3.0,1,5.26666666667,89.014084507,4.63333333333,94.2372881356,January,1
2016-01-08,3174,12395,9.23,2,567.0,405,7,8,1812,0,0,0,0,5.73525433,Friday,4.0,1,0.0,0.0,5.26666666667,89.014084507,January,1
2016-01-09,2615,6643,4.94,0,676.0,283,0,0,1093,380,52,31,432,3.06957274,Saturday,5.0,0,6.33333333333,87.962962963,0.0,0.0,January,1
2016-01-10,2711,8846,6.57,9,1.167,183,36,29,1197,297,31,19,328,4.08240747,Sunday,6.0,0,4.95,90.5487804878,6.33333333333,87.962962963,January,1
2016-01-11,3013,9642,7.16,15,758.0,247,44,24,1472,354,43,22,397,4.44901636,Monday,0.0,1,5.9,89.1687657431,4.95,90.5487804878,January,1
2016-01-12,2993,9982,7.42,8,839.0,222,30,26,1387,336,16,8,352,4.61057282,Tuesday,1.0,1,5.6,95.4545454545,5.9,89.1687657431,January,1
2016-01-13,2627,6613,4.91,11,857.0,205,13,3,102,306,17,10,323,3.05093161,Wednesday,2.0,1,5.1,94.7368421053,5.6,95.4545454545,January,1
2016-01-14,3128,12161,9.21,11,719.0,198,34,60,156,396,29,10,425,5.72282691,Thursday,3.0,1,6.6,93.1764705882,5.1,94.7368421053,January,1
2016-01-15,3361,14837,11.37,11,687.0,210,58,71,1917,0,0,0,0,7.06498827,Friday,4.0,1,0.0,0.0,6.6,93.1764705882,January,1
2016-01-16,3379,16759,12.59,7,589.0,333,23,59,1977,327,18,11,345,7.82306089,Saturday,5.0,0,5.45,94.7826086957,0.0,0.0,January,1
2016-01-17,2878,9602,7.26,0,547.0,279,4,15,1314,254,36,18,290,4.51115346,Sunday,6.0,0,4.23333333333,87.5862068966,5.45,94.7826086957,January,1
2016-01-18,2144,3761,2.79,7,998.0,99,5,3,4670,423,13,7,436,1.73362509,Monday,0.0,1,7.05,97.0183486239,4.23333333333,87.5862068966,January,1
2016-01-19,2543,7456,5.6,6,1.215,103,22,35,8810,345,29,19,374,3.4796776,Tuesday,1.0,1,5.75,92.2459893048,7.05,97.0183486239,January,1
2016-01-20,3472,16755,12.78,10,551.0,331,24,51,2073,391,39,22,430,7.94112138,Wednesday,2.0,1,6.51666666667,90.9302325581,5.75,92.2459893048,January,1
2016-01-21,3218,11937,8.96,12,699.0,254,57,32,1729,400,41,27,441,5.56748416,Thursday,3.0,1,6.66666666667,90.7029478458,6.51666666667,90.9302325581,January,1
2016-01-22,3426,14577,10.96,5,519.0,391,34,22,211,434,31,26,466,6.81022616,Friday,4.0,1,7.23333333333,93.1330472103,6.66666666667,90.7029478458,January,1
2016-01-23,3615,17541,13.12,9,570.0,358,50,45,2286,325,11,5,336,8.15238752,Saturday,5.0,0,5.41666666667,96.7261904762,7.23333333333,93.1330472103,January,1
2016-01-24,1801,39,0.03,0,1.076,5,0,0,160,0,0,0,0,0.01864113,Sunday,6.0,0,0.0,0.0,5.41666666667,96.7261904762,January,1
2016-01-25,242,661,4.91,10,1.27,93,24,26,7560,468,37,24,507,3.05093161,Monday,0.0,1,7.8,92.3076923077,0.0,0.0,January,1
2016-01-26,3066,13073,9.71,18,790.0,166,52,61,1521,336,55,30,391,6.03351241,Tuesday,1.0,1,5.6,85.9335038363,7.8,92.3076923077,January,1
2016-01-27,2886,9997,7.46,9,759.0,164,52,28,1291,458,63,36,521,4.63542766,Wednesday,2.0,1,7.63333333333,87.9078694818,5.6,85.9335038363,January,1
2016-01-28,3092,10707,7.96,10,753.0,262,57,18,1592,339,47,28,386,4.94611316,Thursday,3.0,1,5.65,87.8238341969,7.63333333333,87.9078694818,January,1
2016-01-29,2931,9952,7.39,17,760.0,233,30,26,14,342,48,31,390,4.59193169,Friday,4.0,1,5.7,87.6923076923,5.65,87.8238341969,January,1
2016-01-30,3034,9774,7.26,0,519.0,357,16,2,1641,0,0,0,0,4.51115346,Saturday,5.0,0,0.0,0.0,5.7,87.6923076923,January,1
2016-01-31,2787,626,4.65,0,671.0,298,0,0,1277,357,35,22,392,2.88937515,Sunday,6.0,0,5.95,91.0714285714,0.0,0.0,January,1
2016-02-01,2986,11426,8.52,12,911.0,192,48,43,1478,328,37,21,365,5.29408092,Monday,0.0,1,5.46666666667,89.8630136986,5.95,91.0714285714,February,2
2016-02-02,2974,10466,7.78,13,802.0,152,48,48,1333,385,41,27,427,4.83426638,Tuesday,1.0,1,6.41666666667,90.1639344262,5.46666666667,89.8630136986,February,2
2016-02-03,3199,12866,9.63,11,767.0,271,45,28,1703,248,32,20,280,5.98380273,Wednesday,2.0,1,4.13333333333,88.5714285714,6.41666666667,90.1639344262,February,2
2016-02-04,2037,2449,1.87,0,821.0,80,0,0,3370,410,26,14,436,1.16196377,Thursday,3.0,1,6.83333333333,94.0366972477,4.13333333333,88.5714285714,February,2
2016-02-05,311,10434,7.75,13,718.0,243,42,29,1544,424,48,28,473,4.81562525,Friday,4.0,1,7.06666666667,89.6405919662,6.83333333333,94.0366972477,February,2
2016-02-05,311,10434,7.75,13,718.0,243,42,29,1544,401,18,14,420,4.81562525,Friday,4.0,1,6.68333333333,95.4761904762,7.06666666667,89.6405919662,February,2
2016-02-06,3177,12578,9.4,0,563.0,388,10,11,1784,350,29,19,380,5.8408874,Saturday,5.0,0,5.83333333333,92.1052631579,6.68333333333,95.4761904762,February,2
2016-02-07,3182,15373,11.7,12,599.0,273,10,62,1729,316,15,7,331,7.2700407,Sunday,6.0,0,5.26666666667,95.4682779456,5.83333333333,92.1052631579,February,2
2016-02-08,3206,12327,9.24,8,699.0,278,28,30,168,376,50,30,426,5.74146804,Monday,0.0,1,6.26666666667,88.2629107981,5.26666666667,95.4682779456,February,2
2016-02-09,2872,10457,7.82,14,847.0,181,15,41,1252,342,41,21,383,4.85912122,Tuesday,1.0,1,5.7,89.2950391645,6.26666666667,88.2629107981,February,2
2016-02-10,2662,99,7.43,21,1.237,156,6,41,1098,0,0,0,0,4.61678653,Wednesday,2.0,1,0.0,0.0,5.7,89.2950391645,February,2
2016-02-11,2899,8966,6.66,14,802.0,235,21,20,1299,333,22,15,355,4.13833086,Thursday,3.0,1,5.55,93.8028169014,0.0,0.0,February,2
2016-02-12,2816,8353,6.21,19,732.0,219,17,26,1187,322,26,14,348,3.85871391,Friday,4.0,1,5.36666666667,92.5287356322,5.55,93.8028169014,February,2
2016-02-13,3235,13907,10.36,0,551.0,357,15,15,1813,448,55,29,503,6.43740356,Saturday,5.0,0,7.46666666667,89.0656063618,5.36666666667,92.5287356322,February,2
2016-02-14,3289,14183,10.54,13,617.0,374,45,12,1941,264,28,20,293,6.54925034,Sunday,6.0,0,4.4,90.1023890785,7.46666666667,89.0656063618,February,2
2016-02-15,2751,8453,6.28,11,1.304,124,8,4,5890,0,0,0,0,3.90220988,Monday,0.0,1,0.0,0.0,4.4,90.1023890785,February,2
2016-02-16,2927,7995,5.98,15,802.0,231,34,16,1347,305,27,16,334,3.71579858,Tuesday,1.0,1,5.08333333333,91.3173652695,0.0,0.0,February,2
2016-02-17,2783,6707,4.98,10,913.0,174,36,19,1131,309,12,7,321,3.09442758,Wednesday,2.0,1,5.15,96.261682243,5.08333333333,91.3173652695,February,2
2016-02-18,2804,8109,6.1,13,1.212,143,42,33,1146,0,0,0,0,3.7903631,Thursday,3.0,1,0.0,0.0,5.15,96.261682243,February,2
2016-02-19,2815,11971,9.23,11,865.0,179,3,51,1234,317,17,9,334,5.73525433,Friday,4.0,1,5.28333333333,94.9101796407,0.0,0.0,February,2
2016-02-20,296,11371,8.45,0,457.0,327,14,19,1533,383,35,31,419,5.25058495,Saturday,5.0,0,6.38333333333,91.4081145585,5.28333333333,94.9101796407,February,2
2016-02-21,2038,219,1.63,0,954.0,93,0,0,3510,347,45,32,393,1.01283473,Sunday,6.0,0,5.78333333333,88.2951653944,6.38333333333,91.4081145585,February,2
2016-02-22,2594,6592,4.93,10,1.234,155,23,14,9580,0,0,0,0,3.06335903,Monday,0.0,1,0.0,0.0,5.78333333333,88.2951653944,February,2
2016-02-23,2841,8624,6.41,10,739.0,193,36,25,122,243,23,9,266,3.98298811,Tuesday,1.0,1,4.05,91.3533834586,0.0,0.0,February,2
2016-02-24,2933,8307,6.17,12,762.0,195,25,37,1305,437,22,9,459,3.83385907,Wednesday,2.0,1,7.28333333333,95.2069716776,4.05,91.3533834586,February,2
2016-02-25,2816,7941,5.9,9,878.0,142,47,32,1184,382,35,21,417,3.6660889,Thursday,3.0,1,6.36666666667,91.6067146283,7.28333333333,95.2069716776,February,2
2016-02-26,2764,805,5.98,9,1.203,177,40,20,115,0,0,0,0,3.71579858,Friday,4.0,1,0.0,0.0,6.36666666667,91.6067146283,February,2
2016-02-27,3029,9923,7.37,5,1.124,184,25,44,1306,0,0,0,0,4.57950427,Saturday,5.0,0,0.0,0.0,0.0,0.0,February,2
2016-02-28,2844,9504,7.15,2,687.0,283,10,1,1322,262,33,16,295,4.44280265,Sunday,6.0,0,4.36666666667,88.813559322,0.0,0.0,February,2
2016-02-29,2612,6847,5.09,10,731.0,206,20,1,1023,166,14,7,180,3.16277839,Monday,0.0,1,2.76666666667,92.2222222222,4.36666666667,88.813559322,February,2
2016-03-01,3117,11618,8.66,12,776.0,217,59,29,1584,420,31,26,451,5.38107286,Tuesday,1.0,1,7.0,93.1263858093,2.76666666667,92.2222222222,March,3
2016-03-02,2897,1045,7.76,19,765.0,199,35,26,1292,327,34,22,361,4.82183896,Wednesday,2.0,1,5.45,90.5817174515,7.0,93.1263858093,March,3
2016-03-03,2864,11478,8.69,17,749.0,167,5,45,1219,420,45,28,465,5.39971399,Thursday,3.0,1,7.0,90.3225806452,5.45,90.5817174515,March,3
2016-03-04,2996,1065,7.97,13,754.0,227,31,30,142,157,10,5,167,4.95232687,Friday,4.0,1,2.61666666667,94.0119760479,7.0,90.3225806452,March,3
2016-03-05,2228,3103,2.31,1,1.042,155,0,0,5720,302,23,15,325,1.43536701,Saturday,5.0,0,5.03333333333,92.9230769231,2.61666666667,94.0119760479,March,3
2016-03-06,266,696,5.2,0,1.105,280,0,0,1103,0,0,0,0,3.2311292,Sunday,6.0,0,0.0,0.0,5.03333333333,92.9230769231,March,3
2016-03-07,322,16699,13.4,11,791.0,158,9,97,1664,348,39,23,387,8.3263714,Monday,0.0,1,5.8,89.9224806202,0.0,0.0,March,3
2016-03-08,3083,14068,11.26,14,824.0,167,8,65,1469,267,31,18,299,6.99663746,Tuesday,1.0,1,4.45,89.2976588629,5.8,89.9224806202,March,3
2016-03-09,3339,18092,14.05,19,1.12,243,8,69,1833,0,0,0,0,8.73026255,Wednesday,2.0,1,0.0,0.0,4.45,89.2976588629,March,3
2016-03-10,3307,1853,14.71,20,793.0,162,21,100,1766,334,29,18,364,9.14036741,Thursday,3.0,1,5.56666666667,91.7582417582,0.0,0.0,March,3
2016-03-11,3135,14587,10.86,2,1.013,313,14,38,1726,0,0,0,0,6.74808906,Friday,4.0,1,0.0,0.0,5.56666666667,91.7582417582,March,3
2016-03-12,284,9992,7.45,4,685.0,339,0,13,1438,275,13,10,288,4.62921395,Saturday,5.0,0,4.58333333333,95.4861111111,0.0,0.0,March,3
2016-03-13,179,0,0.0,0,1.44,0,0,0,0,0,0,0,0,0.0,Sunday,6.0,0,0.0,0.0,4.58333333333,95.4861111111,March,3
2016-03-14,2538,9336,7.4,11,1.288,73,4,50,8500,0,0,0,0,4.5981454,Monday,0.0,1,0.0,0.0,0.0,0.0,March,3
2016-03-15,3133,15596,12.61,13,782.0,187,3,77,1557,356,14,5,370,7.83548831,Tuesday,1.0,1,5.93333333333,96.2162162162,0.0,0.0,March,3
2016-03-16,396,25385,20.45,17,638.0,254,17,124,2556,368,46,22,414,12.70703695,Wednesday,2.0,1,6.13333333333,88.8888888889,5.93333333333,96.2162162162,March,3
2016-03-17,315,14577,11.46,17,823.0,162,10,81,1553,388,14,10,402,7.12091166,Thursday,3.0,1,6.46666666667,96.5174129353,6.13333333333,88.8888888889,March,3
2016-03-18,3214,16667,13.08,12,832.0,173,9,90,1647,223,33,17,256,8.12753268,Friday,4.0,1,3.71666666667,87.109375,6.46666666667,96.5174129353,March,3
2016-03-19,387,13361,9.93,7,530.0,418,38,50,2548,435,49,31,484,6.17021403,Saturday,5.0,0,7.25,89.8760330579,3.71666666667,87.109375,March,3
2016-03-20,2731,6754,5.02,1,564.0,315,0,0,1237,383,35,23,427,3.11928242,Sunday,6.0,0,6.38333333333,89.6955503513,7.25,89.8760330579,March,3
2016-03-21,2464,5424,4.03,10,1.047,193,7,2,8590,224,20,13,244,2.50412513,Monday,0.0,1,3.73333333333,91.8032786885,6.38333333333,89.6955503513,March,3
2016-03-22,3555,17913,13.41,15,593.0,382,22,55,2243,274,35,26,319,8.33258511,Tuesday,1.0,1,4.56666666667,85.8934169279,3.73333333333,91.8032786885,March,3
2016-03-23,3063,14324,10.89,14,669.0,222,10,59,1542,391,27,13,418,6.76673019,Wednesday,2.0,1,6.51666666667,93.5406698565,4.56666666667,85.8934169279,March,3
2016-03-24,2503,8049,6.03,8,1.09,123,3,24,8170,254,32,13,286,3.74686713,Thursday,3.0,1,4.23333333333,88.8111888112,6.51666666667,93.5406698565,March,3
2016-03-25,3052,11122,8.29,0,599.0,386,9,0,1646,204,10,5,214,5.15116559,Friday,4.0,1,3.4,95.3271028037,4.23333333333,88.8111888112,March,3
2016-03-26,3021,957,7.11,1,879.0,395,0,0,1587,64,5,4,69,4.41794781,Saturday,5.0,0,1.06666666667,92.7536231884,3.4,95.3271028037,March,3
2016-03-27,2223,4667,3.47,0,889.0,114,20,2,5880,457,54,35,512,2.15615737,Sunday,6.0,0,7.61666666667,89.2578125,1.06666666667,92.7536231884,March,3
2016-03-28,179,0,0.0,0,1.44,0,0,0,0,0,0,0,0,0.0,Monday,0.0,1,0.0,0.0,7.61666666667,89.2578125,March,3
2016-03-29,2648,9781,7.34,12,1.23,139,6,39,1009,0,0,0,0,4.56086314,Tuesday,1.0,1,0.0,0.0,0.0,0.0,March,3
2016-03-30,3768,21383,16.69,17,641.0,384,23,57,2417,321,40,21,361,10.37068199,Wednesday,2.0,1,5.35,88.91966759,0.0,0.0,March,3
2016-03-31,3512,20109,15.18,21,629.0,302,35,63,2107,319,25,15,344,9.43241178,Thursday,3.0,1,5.31666666667,92.7325581395,5.35,88.91966759,March,3
2016-04-01,2814,1113,8.61,8,900.0,162,3,54,1176,337,51,23,388,5.35000431,Friday,4.0,1,5.61666666667,86.8556701031,5.31666666667,92.7325581395,April,4
2016-04-02,2884,825,6.13,0,950.0,314,7,1,1335,78,6,3,85,3.80900423,Saturday,5.0,0,1.3,91.7647058824,5.61666666667,86.8556701031,April,4
2016-04-03,2931,8682,6.45,0,669.0,355,0,0,1437,315,45,23,360,4.00784295,Sunday,6.0,0,5.25,87.5,1.3,91.7647058824,April,4
2016-04-04,3314,17535,13.66,14,881.0,168,8,102,1731,184,29,16,214,8.48792786,Monday,0.0,1,3.06666666667,85.9813084112,5.25,87.5,April,4
2016-04-05,383,20154,15.05,3,445.0,471,28,45,258,425,25,8,450,9.35163355,Tuesday,1.0,1,7.08333333333,94.4444444444,3.06666666667,85.9813084112,April,4
2016-04-06,4112,23286,17.84,19,561.0,451,28,67,285,267,34,15,302,11.08525864,Wednesday,2.0,1,4.45,88.4105960265,7.08333333333,94.4444444444,April,4
2016-04-07,3048,13004,9.87,14,856.0,214,3,58,1472,359,14,7,373,6.13293177,Thursday,3.0,1,5.98333333333,96.2466487936,4.45,88.4105960265,April,4
2016-04-08,3241,13441,10.04,2,449.0,439,0,0,1874,379,46,24,425,6.23856484,Friday,4.0,1,6.31666666667,89.1764705882,5.98333333333,96.2466487936,April,4
2016-04-09,3038,10216,7.59,0,535.0,390,0,0,1607,507,18,10,525,4.71620589,Saturday,5.0,0,8.45,96.5714285714,6.31666666667,89.1764705882,April,4
2016-04-10,2304,5634,4.19,0,921.0,92,41,4,6590,306,35,22,341,2.60354449,Sunday,6.0,0,5.1,89.7360703812,8.45,96.5714285714,April,4
2016-04-11,3419,17422,13.38,34,674.0,290,14,61,1928,407,50,26,457,8.31394398,Monday,0.0,1,6.78333333333,89.0590809628,5.1,89.7360703812,April,4
2016-04-12,3179,14475,10.92,14,664.0,291,10,47,1696,354,37,21,391,6.78537132,Tuesday,1.0,1,5.9,90.537084399,6.78333333333,89.0590809628,April,4
2016-04-13,3427,17777,13.66,20,696.0,276,10,80,1967,365,65,31,430,8.48792786,Wednesday,2.0,1,6.08333333333,84.8837209302,5.9,90.537084399,April,4
2016-04-14,3479,19087,14.65,17,711.0,221,12,96,1954,278,26,18,304,9.10308515,Thursday,3.0,1,4.63333333333,91.4473684211,6.08333333333,84.8837209302,April,4
2016-04-15,3501,1629,12.2,12,467.0,427,25,11,2166,396,50,20,446,7.5807262,Friday,4.0,1,6.6,88.7892376682,4.63333333333,91.4473684211,April,4
2016-04-16,3342,14252,10.64,6,675.0,323,60,18,1947,404,67,25,471,6.61138744,Saturday,5.0,0,6.73333333333,85.7749469214,6.6,88.7892376682,April,4
2016-04-17,2769,8262,6.14,3,1.089,302,0,0,1266,0,0,0,0,3.81521794,Sunday,6.0,0,0.0,0.0,6.73333333333,85.7749469214,April,4
2016-04-18,3486,1945,15.06,18,860.0,190,6,98,1926,307,28,12,335,9.35784726,Monday,0.0,1,5.11666666667,91.6417910448,0.0,0.0,April,4
2016-04-19,3596,17232,13.61,17,1.002,262,4,88,2085,0,0,0,0,8.45685931,Tuesday,1.0,1,0.0,0.0,5.11666666667,91.6417910448,April,4
2016-04-20,3321,16946,12.93,25,762.0,238,5,67,1795,411,31,17,442,8.03432703,Wednesday,2.0,1,6.85,92.9864253394,0.0,0.0,April,4
2016-04-21,3464,19183,14.67,24,723.0,218,7,97,1964,341,27,17,368,9.11551257,Thursday,3.0,1,5.68333333333,92.6630434783,6.85,92.9864253394,April,4
2016-04-22,3328,12963,9.66,10,404.0,436,14,10,202,430,62,39,492,6.00244386,Friday,4.0,1,7.16666666667,87.3983739837,5.68333333333,92.6630434783,April,4
2016-04-23,2612,6456,4.8,6,782.0,305,0,0,1135,305,42,28,348,2.9825808,Saturday,5.0,0,5.08333333333,87.6436781609,7.16666666667,87.3983739837,April,4
2016-04-24,2863,10413,7.73,6,700.0,269,28,24,1411,375,56,31,431,4.80319783,Sunday,6.0,0,6.25,87.0069605568,5.08333333333,87.6436781609,April,4
2016-04-25,3175,10499,7.8,0,661.0,430,9,4,1805,237,28,14,265,4.8466938,Monday,0.0,1,3.95,89.4339622642,6.25,87.0069605568,April,4
2016-04-26,3357,17226,12.97,19,751.0,185,16,95,1798,360,20,10,380,8.05918187,Tuesday,1.0,1,6.0,94.7368421053,3.95,89.4339622642,April,4
2016-04-27,3631,19784,15.51,25,694.0,151,26,128,207,361,49,27,410,9.63746421,Wednesday,2.0,1,6.01666666667,88.0487804878,6.0,94.7368421053,April,4
2016-04-28,403,25571,19.3,15,606.0,293,42,129,2711,374,56,34,430,11.9924603,Thursday,3.0,1,6.23333333333,86.976744186,6.01666666667,88.0487804878,April,4
2016-04-29,3442,17528,13.36,15,594.0,239,8,82,1931,348,20,9,368,8.30151656,Friday,4.0,1,5.8,94.5652173913,6.23333333333,86.976744186,April,4
2016-04-30,3061,9831,7.3,1,561.0,414,0,0,1651,454,48,27,502,4.5360083,Saturday,5.0,0,7.56666666667,90.438247012,5.8,94.5652173913,April,4
2016-05-01,3331,14262,10.6,5,666.0,361,21,41,1937,347,41,20,388,6.5865326,Sunday,6.0,0,5.78333333333,89.4329896907,7.56666666667,90.438247012,May,5
2016-05-02,2989,13236,9.98,12,770.0,234,8,38,1477,314,34,23,348,6.20128258,Monday,0.0,1,5.23333333333,90.2298850575,5.78333333333,89.4329896907,May,5
2016-05-03,3796,18588,14.13,16,599.0,275,49,79,236,377,33,18,410,8.77997223,Tuesday,1.0,1,6.28333333333,91.9512195122,5.23333333333,90.2298850575,May,5
2016-05-04,3525,16382,12.39,16,684.0,333,10,55,2075,406,21,8,427,7.69878669,Wednesday,2.0,1,6.76666666667,95.0819672131,6.28333333333,91.9512195122,May,5
2016-05-05,3649,21913,16.4,19,701.0,287,29,90,2249,280,35,15,315,10.1904844,Thursday,3.0,1,4.66666666667,88.8888888889,6.76666666667,95.0819672131,May,5
2016-05-06,3539,19023,14.79,15,575.0,298,8,85,2112,370,42,22,412,9.19007709,Friday,4.0,1,6.16666666667,89.8058252427,4.66666666667,88.8888888889,May,5
2016-05-07,304,9526,7.08,2,564.0,370,13,10,1604,502,57,31,563,4.39930668,Saturday,5.0,0,8.36666666667,89.1651865009,6.16666666667,89.8058252427,May,5
